City,Lat,Lng,Max Temp,Humidity,Cloudiness,Wind Speed,Country,Date
rikitea,-23.12,-134.97,68.2,59,87,5.78,PF,1595261379
barrow,71.29,-156.79,35.6,96,90,3.6,US,1595261728
georgetown,5.41,100.34,78.8,88,40,1,MY,1595261381
atuona,-9.8,-139.03,79.59,77,17,7.77,PF,1595261728
cape town,-33.93,18.42,66.2,55,0,2.6,ZA,1595261274
turmero,10.22,-67.47,83.32,61,60,2.29,VE,1595261728
longyearbyen,78.22,15.64,44.6,93,75,2.6,SJ,1595261415
nikolskoye,59.7,30.79,77.0,50,20,3,RU,1595261526
pisco,-13.7,-76.22,62.01,87,90,1.5,PE,1595261729
saint-philippe,-21.36,55.77,69.8,64,20,7.7,RE,1595261729
riachao das neves,-11.75,-44.91,85.98,28,45,4.08,BR,1595261729
monrovia,6.3,-10.8,80.6,88,75,3.1,LR,1595261549
komsomolskiy,40.43,71.72,80.6,30,40,4.1,UZ,1595261729
jiangyou,31.77,104.72,72.93,81,100,1.05,CN,1595261729
busselton,-33.65,115.33,48.99,65,100,5.08,AU,1595261503
mataura,-46.19,168.86,39.0,83,100,1.34,NZ,1595261503
jamestown,42.1,-79.24,79.0,64,75,4.6,US,1595261463
bago,17.34,96.48,82.4,83,75,2.6,MM,1595261730
iqaluit,63.75,-68.51,44.6,100,90,3.76,CA,1595261730
chuy,-33.7,-53.46,71.56,74,90,3.96,UY,1595261730
ushuaia,-54.8,-68.3,26.6,92,20,0.53,AR,1595261730
sabha,27.04,14.43,101.32,16,0,6.3,LY,1595261730
mahebourg,-20.41,57.7,69.8,56,75,3.6,MU,1595261730
verkhnyaya toyma,62.23,45,72.41,63,1,1.64,RU,1595261730
east london,-33.02,27.91,68.34,42,0,0.94,ZA,1595261730
vaini,-21.2,-175.2,71.6,78,40,5.1,TO,1595261507
klishkivtsi,48.43,26.26,70.0,10,87,0.36,UA,1595261731
north platte,41.12,-100.77,71.94,79,96,2.04,US,1595261470
kanungu,-0.96,29.79,70.45,51,70,0.56,UG,1595261731
bulawayo,-20.15,28.58,57.9,46,0,4.01,ZW,1595261731
mount gambier,-37.83,140.77,41.0,100,40,2.1,AU,1595261543
la ronge,55.1,-105.28,64.4,82,75,2.6,CA,1595261442
los llanos de aridane,28.66,-17.92,78.8,65,20,7.7,ES,1595261731
punta arenas,-53.15,-70.92,32.0,91,75,2.1,CL,1595261465
manitouwadge,49.12,-85.84,57.2,93,90,1,CA,1595261731
hermanus,-34.42,19.23,59.0,77,0,0.45,ZA,1595261731
belaya gora,68.53,146.42,63.7,59,76,3.94,RU,1595261732
biak,-0.91,122.88,76.42,83,26,2.31,ID,1595261732
kodiak,57.79,-152.41,59.0,72,1,5.1,US,1595261511
touros,-5.2,-35.46,73.4,94,90,18,BR,1595261732
sao filipe,14.9,-24.5,77.67,80,20,3.85,CV,1595261505
maromitsa,59.87,48.01,64.35,94,100,3.54,RU,1595261732
santa vitoria do palmar,-33.52,-53.37,72.27,73,91,3.9,BR,1595261732
ribeira grande,38.52,-28.7,73.4,64,75,3.1,PT,1595261507
guerrero negro,27.98,-114.06,77.09,56,0,1.75,MX,1595261528
haines junction,60.75,-137.51,52.95,82,99,2.19,CA,1595261532
lompoc,34.64,-120.46,59.0,82,41,3.1,US,1595261506
hjelset,62.78,7.48,55.4,71,75,5.7,NO,1595261733
port alfred,-33.59,26.89,61.95,57,0,2.46,ZA,1595261510
dikson,73.51,80.55,42.31,90,48,5.3,RU,1595261517
avarua,-21.21,-159.78,75.2,73,100,10.8,CK,1595261733
beyneu,45.32,55.2,94.93,18,0,3.54,KZ,1595261733
beringovskiy,63.05,179.32,43.83,86,0,4.2,RU,1595261533
lake havasu city,34.48,-114.32,95.0,14,1,3.06,US,1595261733
bambous virieux,-20.34,57.76,70.0,56,75,5.1,MU,1595261517
asau,46.43,26.4,69.8,83,75,5.7,RO,1595261515
puerto del rosario,28.5,-13.86,86.0,48,20,9.8,ES,1595261734
prado,-17.34,-39.22,77.95,69,19,4.69,BR,1595261734
qaanaaq,77.48,-69.36,46.62,77,97,0.24,GL,1595261441
saskylakh,71.92,114.08,52.83,61,100,2.1,RU,1595261522
sao gabriel da cachoeira,-0.13,-67.09,88.92,54,46,2.01,BR,1595261547
aktash,50.3,87.73,49.05,89,100,1.22,RU,1595261734
tasiilaq,65.61,-37.64,44.6,81,20,4.6,GL,1595261389
sorong,-0.88,131.25,78.51,85,28,2.49,ID,1595261734
pochutla,15.74,-96.47,87.01,62,75,4.1,MX,1595261532
butaritari,3.07,172.79,82.76,67,99,3.26,KI,1595261536
vao,-22.67,167.48,68.74,69,3,6.6,NC,1595261557
thompson,55.74,-97.86,73.4,49,40,1.5,CA,1595261375
arraial do cabo,-22.97,-42.03,82.4,61,0,7.2,BR,1595261514
alihe,50.57,123.72,53.6,68,0,2.55,CN,1595261735
san andres,12.58,-81.7,86.0,74,40,5.1,CO,1595261556
camacha,33.08,-16.33,75.2,57,40,9.8,PT,1595261735
zeya,53.75,127.27,61.83,95,100,2.38,RU,1595261735
ushtobe,45.25,77.98,81.99,26,62,3.36,KZ,1595261735
souillac,-20.52,57.52,69.8,56,75,5.1,MU,1595261528
vila velha,-20.33,-40.29,77.0,69,40,3.1,BR,1595261331
bluff,-46.6,168.33,39.0,83,100,1.34,NZ,1595261508
turka,49.15,23.03,71.01,70,60,1.43,UA,1595261736
taoudenni,22.68,-3.98,115.93,9,0,5.44,ML,1595261736
popondetta,-8.75,148.25,71.56,94,17,1.15,PG,1595261546
ilulissat,69.22,-51.1,55.4,47,40,2.6,GL,1595261564
verkhnevilyuysk,63.45,120.32,63.39,96,100,2.09,RU,1595261510
jalu,29.03,21.55,96.57,18,0,5.45,LY,1595261419
inta,66.03,60.17,65.95,60,0,2.7,RU,1595261736
marrakesh,31.63,-8.01,100.4,29,40,4.6,MA,1595261188
hambantota,6.12,81.12,77.0,94,40,1,LK,1595261558
vardo,70.37,31.11,64.4,77,78,6.2,NO,1595261534
jonesboro,35.84,-90.7,89.6,59,20,4.6,US,1595261723
mar del plata,-38,-57.56,53.6,100,90,5.7,AR,1595261524
mount isa,-20.73,139.5,62.6,23,78,4.6,AU,1595261737
port elizabeth,-33.92,25.57,62.6,93,90,4.1,ZA,1595261513
tuatapere,-46.13,167.68,39.0,83,99,1.34,NZ,1595261510
dingle,11,122.67,77.9,81,30,1.96,PH,1595261737
west bay,19.37,-81.42,87.8,74,40,3.37,KY,1595261548
xudat,41.63,48.68,87.76,51,0,3.64,AZ,1595261737
coruripe,-10.13,-36.18,78.71,71,68,6.66,BR,1595261737
provideniya,64.38,-173.3,46.08,74,72,1.99,RU,1595261506
praia da vitoria,38.73,-27.07,75.2,57,75,3.49,PT,1595261472
vostochnyy,55.82,37.87,73.4,60,40,5,RU,1595261737
amposta,40.71,0.58,81.0,74,16,1.79,ES,1595261718
santa rosa,14.31,121.11,84.2,74,71,1,PH,1595261307
sur,22.57,59.53,89.42,63,80,6.32,OM,1595261505
elko,41,-115.5,80.01,25,1,1.5,US,1595261738
kruisfontein,-34,24.73,56.14,93,0,1.77,ZA,1595261511
florianopolis,-27.61,-48.5,78.01,61,0,3.6,BR,1595261717
kapaa,22.08,-159.32,80.6,74,90,7.7,US,1595261738
katsuura,35.13,140.3,75.99,88,75,4.1,JP,1595261541
khatanga,71.97,102.5,52.38,71,41,3.25,RU,1595261517
kavieng,-2.57,150.8,81.63,77,44,3.78,PG,1595261379
glendive,47.11,-104.71,64.0,87,1,5.7,US,1595261739
nome,64.5,-165.41,46.99,100,90,2.1,US,1595261739
chitral,35.85,71.79,77.85,32,6,1.19,PK,1595261739
along,28.17,94.77,72.43,91,100,0.19,IN,1595261739
albany,42.6,-73.97,89.01,48,74,4.54,US,1595261739
kamphaeng phet,16.48,99.52,81.79,81,100,0.61,TH,1595261739
liverpool,53.41,-2.98,63.0,48,40,5.7,GB,1595261712
cidreira,-30.18,-50.21,74.16,65,1,1.55,BR,1595261389
andra,62.51,65.89,61.63,64,5,2.65,RU,1595261740
la asuncion,11.03,-63.86,95.0,50,48,6.2,VE,1595261740
shelburne,44.08,-80.2,78.8,54,40,6.2,CA,1595261740
havoysund,71,24.66,55.4,100,90,4.1,NO,1595261740
khandyga,62.67,135.6,68.31,65,57,1.81,RU,1595261526
sitka,57.05,-135.33,57.2,93,90,5.7,US,1595261740
bandarbeyla,9.49,50.81,82.44,55,99,9.35,SO,1595261740
chokurdakh,70.63,147.92,63.91,53,90,4.15,RU,1595261512
maamba,-17.37,27.15,63.09,41,0,1.22,ZM,1595261740
pahrump,36.21,-115.98,86.0,20,19,3.58,US,1595261741
shache,38.42,77.24,78.28,25,98,1.3,CN,1595261741
xique-xique,-10.82,-42.73,85.03,36,53,4.39,BR,1595261741
caravelas,-17.71,-39.25,77.77,72,44,3.76,BR,1595261524
akureyri,65.68,-18.09,51.8,71,75,4.6,IS,1595261741
hasaki,35.73,140.83,68.0,100,75,2.1,JP,1595261741
winchester,51.07,-1.32,71.01,40,41,3.1,GB,1595261508
ponta do sol,32.67,-17.1,73.99,74,0,0.89,PT,1595261526
roebourne,-20.78,117.13,69.06,48,0,6.8,AU,1595261742
fairbanks,64.84,-147.72,59.0,82,1,0.85,US,1595261536
cherskiy,68.75,161.3,58.59,54,73,1.15,RU,1595261511
fayaoue,-20.65,166.53,70.38,63,67,3.15,NC,1595261742
marawi,8,124.29,77.0,87,100,2.24,PH,1595261535
birjand,32.87,59.22,84.2,13,0,8.2,IR,1595261742
malanje,-9.54,16.34,80.71,16,8,1.9,AO,1595261742
katherine,-14.47,132.27,64.4,39,98,2.1,AU,1595261532
kaitangata,-46.28,169.85,51.01,70,100,0.89,NZ,1595261502
ottawa,45.41,-75.7,82.0,57,40,5.1,CA,1595261642
finschhafen,-6.6,147.87,77.79,82,24,2.89,PG,1595261537
rivers,50.03,-100.24,62.6,93,90,2.1,CA,1595261598
paamiut,61.99,-49.67,48.6,67,100,0.34,GL,1595261468
yellowknife,62.46,-114.35,71.01,72,20,1.5,CA,1595261487
makat,47.65,53.35,96.44,18,76,2.56,KZ,1595261543
san luis,-33.3,-66.34,56.34,62,13,4.67,AR,1595261743
puerto ayora,-0.74,-90.35,71.6,83,75,4.1,EC,1595261530
quatre cocos,-20.21,57.76,70.0,56,75,5.1,MU,1595261521
havre-saint-pierre,50.23,-63.6,71.6,88,90,4.1,CA,1595261553
leningradskiy,69.38,178.42,39.16,84,14,3.22,RU,1595261743
tuktoyaktuk,69.45,-133.04,42.8,87,90,4.6,CA,1595261516
richards bay,-28.78,32.04,66.49,67,0,4.66,ZA,1595261557
ulladulla,-35.35,150.47,48.2,61,0,5.7,AU,1595261743
new ulm,44.31,-94.46,73.99,73,1,2.6,US,1595261554
yining,29.04,114.56,72.55,92,96,0.51,CN,1595261464
hobart,-42.88,147.33,46.99,81,90,3.6,AU,1595261240
berlevag,70.86,29.09,55.4,87,75,1,NO,1595261459
new norfolk,-42.78,147.06,46.0,89,96,1.1,AU,1595261501
faanui,-16.48,-151.75,77.07,85,43,10.51,PF,1595261506
port lincoln,-34.73,135.87,53.04,64,46,2.36,AU,1595261744
margate,51.38,1.39,72.0,49,70,0.89,GB,1595261296
namatanai,-3.67,152.43,79.56,82,57,2.92,PG,1595261559
ramotswa,-24.87,25.87,66.2,25,0,1.5,BW,1595261744
victoria,22.29,114.16,84.0,79,99,1.79,HK,1595261499
sarkand,45.41,79.92,73.29,32,39,4.13,KZ,1595261744
salaga,8.55,-0.52,80.13,80,96,1.56,GH,1595261745
winsford,53.18,-2.52,64.99,55,28,2.24,GB,1595261746
athabasca,54.72,-113.29,63.91,77,6,3.33,CA,1595261746
brainerd,46.36,-94.2,73.4,53,40,1.5,US,1595261747
alofi,-19.06,-169.92,75.2,100,75,3.1,NU,1595261538
derzhavinsk,51.1,66.32,79.05,32,51,1.65,KZ,1595261747
santa isabel do rio negro,-0.41,-65.02,86.54,62,34,1.74,BR,1595261747
srednekolymsk,67.45,153.68,64.2,56,99,3.85,RU,1595261747
sorland,67.67,12.69,57.2,71,40,4.6,NO,1595261747
san patricio,19.22,-104.7,89.6,66,5,3.1,MX,1595261516
airai,-8.93,125.41,55.42,96,20,0.95,TL,1595261509
witu,-2.39,40.44,75.45,74,33,6.13,KE,1595261748
kahului,20.89,-156.47,78.8,65,1,5.1,US,1595261552
petropavlovsk-kamchatskiy,53.05,158.65,50.0,100,75,2.2,RU,1595261748
dakar,14.69,-17.44,87.8,70,75,5.1,SN,1595261408
annigeri,15.43,75.43,77.79,78,100,5.5,IN,1595261748
winnemucca,40.97,-117.74,77.0,22,1,3.6,US,1595261748
korla,41.76,86.15,71.19,51,22,3.18,CN,1595261562
laem sing,12.48,102.07,86.0,88,100,2.85,TH,1595261749
bathsheba,13.22,-59.52,82.4,83,40,9.3,BB,1595261461
raga,8.46,25.68,75.16,87,92,1.31,SS,1595261749
lamu,-2.27,40.9,76.03,77,37,7.56,KE,1595261700
kuah,6.33,99.84,82.4,88,20,0.55,MY,1595261749
avera,33.19,-82.53,93.99,55,1,1.45,US,1595261542
castro,-24.79,-50.01,70.41,53,0,3.83,BR,1595261514
lagos,6.58,3.75,78.8,81,96,3.61,NG,1595261510
saint george,37.1,-113.58,89.01,20,1,0.82,US,1595261335
ranfurly,-45.13,170.1,48.99,76,100,2.11,NZ,1595261750
saint-augustin,51.23,-58.65,64.47,77,96,7.46,CA,1595261750
el carmen,8.51,-73.45,84.15,58,100,1.06,CO,1595261750
uray,60.12,64.78,60.04,66,46,2.61,RU,1595261750
balikpapan,-1.27,116.83,78.57,87,11,2.55,ID,1595261681
pangnirtung,66.15,-65.71,44.6,100,90,2.6,CA,1595261750
freeport,40.66,-73.58,93.2,55,75,5.1,US,1595261445
bereda,43.27,-7.54,71.6,68,20,6.7,ES,1595261524
cockburn town,21.46,-71.14,86.0,70,40,7.7,TC,1595261748
kochubey,44.39,46.58,89.6,44,0,6.57,RU,1595261751
bethel,41.37,-73.41,87.01,58,1,4.1,US,1595261534
saeby,57.33,10.52,64.99,62,0,10.2,DK,1595261751
port macquarie,-31.43,152.92,42.8,75,0,3.6,AU,1595261506
katobu,-4.94,122.53,74.26,92,2,2.09,ID,1595261751
parrita,9.52,-84.32,82.4,65,40,6.7,CR,1595261751
ngerengere,-6.75,38.12,72.01,59,15,0.97,TZ,1595261752
moree,-29.47,149.85,41.0,75,24,3.1,AU,1595261531
barinas,8.62,-70.21,83.53,72,60,2.7,VE,1595261752
esperance,-33.87,121.9,51.8,81,90,2.6,AU,1595261471
aasiaat,68.71,-52.87,45.9,58,82,4.7,GL,1595261752
kamenka,51.32,42.77,80.01,40,49,0.45,RU,1595261753
srivardhan,18.03,73.02,81.75,86,81,1.94,IN,1595261284
vanderhoof,54.02,-124.02,66.04,59,9,0.55,CA,1595261464
kawalu,-7.38,108.21,72.77,92,81,0.59,ID,1595261753
la ligua,-32.45,-71.23,59.0,77,40,2.1,CL,1595261753
naryan-mar,67.67,53.09,68.58,59,58,1.79,RU,1595261754
klaksvik,62.23,-6.59,51.8,87,75,5.1,FO,1595261529
isiro,2.77,27.62,71.6,95,53,0.79,CD,1595261754
kindu,-2.95,25.95,82.47,40,0,0.36,CD,1595261754
zonguldak,41.25,31.83,72.55,77,70,2.96,TR,1595261754
savannah bight,16.45,-85.85,82.94,75,31,3.54,HN,1595261542
clyde river,70.47,-68.59,44.6,93,90,4.1,CA,1595261556
bredasdorp,-34.53,20.04,62.6,77,0,3.1,ZA,1595261377
mehamn,71.04,27.85,50.0,100,90,2.1,NO,1595261754
syracuse,37.09,15.28,84.2,58,20,4.1,IT,1595261138
manta,-0.95,-80.73,77.0,78,75,5.1,EC,1595261755
manicore,-5.81,-61.3,95.22,33,54,2.11,BR,1595261755
hilo,19.73,-155.09,75.2,78,90,2.6,US,1595261508
fukue,32.69,128.84,79.07,92,27,7.24,JP,1595261756
ixtapa,20.7,-105.2,87.8,62,5,1.07,MX,1595261756
flin flon,54.77,-101.86,69.8,60,75,1.5,CA,1595261536
trelew,-43.25,-65.31,46.65,76,100,6.81,AR,1595261486
namibe,-15.2,12.15,75.54,46,0,5.2,AO,1595261329
sao joao da barra,-21.64,-41.05,78.8,88,20,3.1,BR,1595261563
lavrentiya,65.58,-171,43.77,80,92,4.06,RU,1595261527
fortuna,40.6,-124.16,55.99,100,90,1.22,US,1595261451
leeuwarden,53.2,5.81,66.99,63,20,4.1,NL,1595261756
half moon bay,37.46,-122.43,64.99,93,90,1.52,US,1595261490
codrington,-38.27,141.97,49.86,78,77,2.92,AU,1595261544
carupano,10.67,-63.26,85.95,65,17,4.68,VE,1595261757
tiksi,71.69,128.87,47.21,88,100,7.28,RU,1595261519
gawler,-34.6,138.73,42.01,91,76,3.13,AU,1595261757
torbay,47.67,-52.73,79.0,60,20,7.2,CA,1595261516
balurghat,25.22,88.77,79.45,90,100,2.96,IN,1595261758
tiznit,29.58,-9.5,87.64,32,0,4.78,MA,1595261758
chabahar,25.29,60.64,85.86,82,38,6.98,IR,1595261758
bengkulu,-3.8,102.27,78.69,87,100,3.26,ID,1595261509
itaobim,-16.57,-41.83,79.65,49,62,3.39,BR,1595261759
reforma,18.1,-91.02,84.72,73,68,2.28,MX,1595261759
bay roberts,47.6,-53.26,80.01,64,100,4.07,CA,1595261760
guaruja,-23.99,-46.26,79.0,65,0,5.1,BR,1595261760
taltal,-25.4,-70.48,64.45,56,100,1.87,CL,1595261528
lagdo,9.05,13.73,80.6,65,20,4.1,CM,1595261761
sanghar,26.05,68.95,98.6,47,65,7.2,PK,1595261761
magistralnyy,56.17,107.45,46.6,83,12,1.14,RU,1595261761
jackson,42.42,-122.83,73.0,49,1,0.59,US,1595261300
comodoro rivadavia,-45.87,-67.5,42.8,87,90,5.1,AR,1595261500
fantino,19.12,-70.3,89.6,43,20,6.7,DO,1595261761
lebu,-37.62,-73.65,52.93,86,100,4.6,CL,1595261518
kenai,60.55,-151.26,57.0,93,90,3.1,US,1595261503
port-cartier,50.03,-66.87,73.4,88,75,6.2,CA,1595261762
shizunai,42.33,142.37,64.72,92,99,1.59,JP,1595261521
padre paraiso,-17.07,-41.48,70.12,74,82,2.96,BR,1595261762
skibbereen,51.55,-9.27,66.2,42,40,5.7,IE,1595261762
makakilo city,21.35,-158.09,78.8,69,40,1.5,US,1595261762
minab,27.15,57.08,98.6,56,20,4.1,IR,1595261762
hithadhoo,-0.6,73.08,84.22,79,100,6.77,MV,1595261763
acapulco,16.86,-99.89,86.0,74,40,3.1,MX,1595261550
navirai,-23.07,-54.19,80.53,39,0,3.7,BR,1595261763
la palma,33.85,-118.05,72.0,64,20,1.5,US,1595261763
norman wells,65.28,-126.83,55.4,93,90,1.5,CA,1595261438
nha trang,12.25,109.18,84.2,83,20,2.19,VN,1595261763
port hardy,50.7,-127.42,57.2,93,75,1.5,CA,1595261763
shingu,33.73,135.98,75.47,84,99,1.98,JP,1595261527
ostrovnoy,68.05,39.51,72.77,56,59,2.32,RU,1595261562
neftcala,39.37,49.25,83.95,64,0,5.07,AZ,1595261763
batemans bay,-35.72,150.18,27.0,88,0,2.8,AU,1595261764
golden,39.76,-105.22,79.0,41,20,2.07,US,1595261723
plerin,48.54,-2.78,66.99,68,0,6.7,FR,1595261764
vostok,46.49,135.88,59.18,100,100,1.74,RU,1595261558
fukagawa,43.71,142.04,65.71,91,100,1.58,JP,1595261764
mnogovershinnyy,53.94,139.92,52.93,98,100,3.38,RU,1595261764
waipawa,-41.41,175.52,54.0,85,81,4.06,NZ,1595261764
pevek,69.7,170.31,45.48,59,0,1.49,RU,1595261381
krasnoselkup,65.7,82.47,57.58,68,56,6.32,RU,1595261765
natchitoches,31.77,-93.13,87.8,70,40,3.1,US,1595261765
kokkola,63.84,23.13,73.99,60,75,2.6,FI,1595261765
iracoubo,5.48,-53.2,82.8,79,17,3.16,GF,1595261765
matara,5.95,80.54,78.55,87,96,4.04,LK,1595261765
tartagal,-22.52,-63.8,86.0,62,30,1.91,AR,1595261765
nelson bay,-32.72,152.15,42.8,75,0,4.6,AU,1595261560
meulaboh,4.14,96.13,79.65,85,100,1.31,ID,1595261766
alice town,25.72,-79.3,83.95,76,14,8.16,BS,1595261766
san cristobal,7.77,-72.22,86.0,55,40,9.3,VE,1595261554
coihaique,-45.58,-72.07,35.6,93,90,1.5,CL,1595261421
itoman,26.12,127.67,82.4,88,20,3.1,JP,1595261766
kilindoni,-7.91,39.67,76.21,75,2,6.6,TZ,1595261766
tommot,58.96,126.29,63.73,92,100,0.95,RU,1595261766
kavaratti,10.57,72.64,82.53,80,100,12.14,IN,1595261522
walvis bay,-22.96,14.51,93.2,7,0,2.1,NA,1595261312
port-gentil,-0.72,8.78,80.6,69,20,4.72,GA,1595261554
carnarvon,-24.87,113.63,55.4,82,0,3.1,AU,1595261403
srandakan,-7.94,110.25,77.13,86,66,3.5,ID,1595261767
davidson,36.15,-86.78,93.2,49,75,2.6,US,1595261621
nandu,22.85,110.82,77.76,83,100,1.44,CN,1595261767
si racha,13.17,100.93,88.0,71,100,3.97,TH,1595261767
vestmannaeyjar,63.44,-20.27,53.6,71,2,5.1,IS,1595261549
rio grande,-32.03,-52.1,86.0,42,35,5.1,BR,1595261549
port blair,11.67,92.75,82.2,77,100,1.78,IN,1595261529
nanortalik,60.14,-45.24,50.27,67,52,1.74,GL,1595261376
tiruchchirappalli,10.82,78.68,80.6,83,40,2.6,IN,1595261768
chapais,49.78,-74.85,55.4,82,90,8.7,CA,1595261552
muros,42.78,-9.06,75.99,63,0,8.05,ES,1595261375
angul,20.85,85.1,83.53,75,100,2.31,IN,1595261768
beloretsk,53.96,58.4,77.0,38,40,5,RU,1595261768
mujiayingzi,42.12,118.78,69.67,45,90,2.39,CN,1595261768
juegang,32.32,121.19,72.54,96,93,2.42,CN,1595261769
kaeo,-35.1,173.78,54.0,3,63,2.01,NZ,1595261769
portland,45.52,-122.68,71.01,77,1,1.22,US,1595261144
geraldton,-28.77,114.6,46.4,81,0,2.1,AU,1595261769
port shepstone,-30.74,30.45,64.56,59,0,4.1,ZA,1595261769
presidencia roque saenz pena,-26.79,-60.44,88.83,35,99,6.43,AR,1595261769
ambulu,-8.35,113.61,75.11,89,60,1.87,ID,1595261770
chicama,-7.84,-79.15,69.48,63,66,3.64,PE,1595261770
midland,32,-102.08,84.0,48,1,6.7,US,1595261375
petrinja,45.44,16.29,84.2,42,16,1,HR,1595261770
koshki,54.21,50.47,68.13,76,0,2.66,RU,1595261770
kusa,55.34,59.44,64.74,93,100,0.5,RU,1595261770
karratha,-20.74,116.85,68.94,47,0,6.47,AU,1595261548
gerash,27.67,54.14,107.6,8,11,6.2,IR,1595261771
omsukchan,62.53,155.8,48.63,78,0,1.46,RU,1595261771
naze,28.37,129.48,80.6,94,20,1.5,JP,1595261549
saldanha,-33.01,17.94,69.8,52,0,2.6,ZA,1595261512
tshikapa,-6.42,20.8,87.85,17,62,0.96,CD,1595261771
ponta delgada,37.73,-25.67,73.4,56,75,3.1,PT,1595261526
yangambi,0.81,24.43,80.37,57,0,0.02,CD,1595261771
sirjan,29.45,55.68,80.82,14,40,8.06,IR,1595261771
latehar,23.75,84.5,79.32,81,100,2.62,IN,1595261771
upernavik,72.79,-56.15,51.39,47,14,3.12,GL,1595261533
dryden,49.78,-92.75,64.4,68,75,2.6,CA,1595261772
salinopolis,-0.61,-47.36,85.75,64,63,5.65,BR,1595261772
luderitz,-26.65,15.16,80.6,15,0,4.6,NA,1595261558
dothan,31.22,-85.39,93.2,49,40,3.1,US,1595261713
olafsvik,64.89,-23.71,50.68,69,15,0.97,IS,1595261543
rio gallegos,-51.62,-69.22,26.6,92,20,1,AR,1595261528
heilbad heiligenstadt,51.38,10.13,71.01,71,59,0.45,DE,1595261772
tautira,-17.73,-149.15,71.6,88,89,2.1,PF,1595261522
casma,-41.01,-73.12,51.8,87,77,0.9,CL,1595261772
honiara,-9.43,159.95,75.2,100,40,1.5,SB,1595261560
arawa,-6.21,155.54,75.16,81,35,1.58,PG,1595261558
mogadishu,2.04,45.34,77.65,78,97,9.42,SO,1595261563
sao paulo de olivenca,-3.38,-68.87,88.92,55,70,1.62,BR,1595261773
lakatoro,-16.1,167.42,73.4,69,75,1.5,VU,1595261773
aripuana,-9.17,-60.63,94.15,30,9,2.11,BR,1595261593
sakakah,29.97,40.21,109.4,7,0,6.2,SA,1595261773
praxedis guerrero,31.37,-106.02,84.2,42,40,2.6,MX,1595261773
ouadda,8.08,22.4,72.09,89,92,1.74,CF,1595261774
arys,42.43,68.8,86.0,28,75,5,KZ,1595261774
nuuk,64.18,-51.72,48.2,81,90,2.6,GL,1595261707
murdochville,48.96,-65.5,75.81,65,90,6.13,CA,1595261774
vysokogornyy,50.12,139.15,59.41,94,100,1.93,RU,1595261774
sri aman,1.24,111.46,75.2,100,45,0.27,MY,1595261774
manadhoo,5.77,73.38,82.87,77,100,8.4,MV,1595261774
tura,25.52,90.22,73.0,98,100,1.84,IN,1595261550
kenora,49.82,-94.43,64.4,59,40,1.5,CA,1595261482
arenal,8.46,-73.94,91.76,56,82,1.1,CO,1595261656
ust-ilimsk,58,102.66,48.22,70,10,1.21,RU,1595261525
severo-kurilsk,50.68,156.12,48.56,88,27,2.72,RU,1595261508
tilichiki,60.47,166.1,45.73,96,51,0.86,RU,1595261775
pauini,-7.71,-66.98,89.51,56,6,1.15,BR,1595261775
gazojak,41.19,61.4,97.2,13,2,4.37,TM,1595261775
fare,-16.7,-151.02,77.52,83,32,11.03,PF,1595261775
coos bay,43.37,-124.22,60.01,100,90,1.5,US,1595261489
honningsvag,70.98,25.97,48.2,100,90,4.1,NO,1595261776
machico,32.7,-16.77,75.2,57,40,7.7,PT,1595261776
kang,-23.68,22.79,61.29,28,0,2.53,BW,1595261506
joensuu,62.6,29.76,75.2,57,35,3.1,FI,1595261776
santa cruz,-17.8,-63.17,84.2,66,75,11.3,BO,1595261748
phangnga,8.45,98.53,80.6,88,20,0.5,TH,1595261750
isla vista,34.41,-119.86,64.4,77,75,2.69,US,1595261766
polovinnoye,54.79,65.99,65.64,93,100,4.8,RU,1595261776
xining,36.62,101.77,57.38,64,63,1.64,CN,1595261530
fort-shevchenko,44.51,50.26,87.51,45,0,4.69,KZ,1595261777
bobo dioulasso,11.18,-4.3,86.0,58,20,5.7,BF,1595261777
mareeba,-17,145.43,68.0,77,44,4.1,AU,1595261777
farmington,36.73,-108.22,77.0,31,1,5.1,US,1595261553
eyrarbakki,63.86,-21.15,53.6,66,20,4.6,IS,1595261777
motygino,58.18,94.76,53.76,86,98,1.76,RU,1595261777
aklavik,68.22,-135.01,51.8,66,75,4.58,CA,1595261777
manzhouli,49.6,117.43,54.09,64,13,5.01,CN,1595261551
lanzhou,36.06,103.79,70.0,53,51,2.08,CN,1595261778
broome,42.25,-75.83,82.0,57,75,5.1,US,1595261530
carndonagh,55.25,-7.27,62.6,55,40,4.6,IE,1595261778
wadersloh,51.73,8.25,72.0,42,5,2.6,DE,1595261778
manokwari,-0.87,134.08,79.54,72,100,2.16,ID,1595261778
luz,-19.8,-45.69,76.48,46,9,2.77,BR,1595261779
salalah,17.02,54.09,80.6,94,75,4.1,OM,1595261263
matadi,-5.82,13.45,93.06,25,5,3.7,CD,1595261779
avallon,47.48,3.9,79.43,57,41,3.35,FR,1595261779
nyurba,63.28,118.33,60.55,98,100,2.49,RU,1595261779
medicine hat,50.05,-110.67,64.99,77,20,4.6,CA,1595261769
zvishavane,-20.33,30.07,58.33,63,0,3.5,ZW,1595261780
chase,50.82,-119.69,68.0,56,20,1.5,CA,1595261780
saint anthony,45.02,-93.22,75.99,53,1,0.61,US,1595261683
ouesso,1.61,16.05,76.37,90,94,0.64,CG,1595261780
vavoua,7.38,-6.48,84.85,65,91,0.6,CI,1595261780
yumen,40.28,97.2,79.38,16,100,2.9,CN,1595261780
maldonado,-34.67,-54.92,75.0,60,100,3.6,UY,1595261780
pitimbu,-7.47,-34.81,77.0,94,75,5.7,BR,1595261781
aberdeen,57.14,-2.1,60.01,76,100,2.1,GB,1595261695
kapoeta,4.77,33.59,82.96,49,49,1.27,SS,1595261781
isangel,-19.55,169.27,66.2,93,20,2.6,VU,1595261540
pierre,44.37,-100.35,77.0,65,20,3.6,US,1595261781
grand-santi,4.25,-54.38,91.71,47,14,1.66,GF,1595261781
fort nelson,58.81,-122.7,59.0,82,75,2.1,CA,1595261414
grindavik,63.84,-22.43,51.8,66,75,3.6,IS,1595261538
kijang,35.24,129.21,77.0,83,75,3.6,KR,1595261782
anloga,5.79,0.9,80.6,78,40,4.6,GH,1595261782
grand baie,-20.02,57.58,70.0,59,27,2.24,MU,1595261782
hovd,48.01,91.64,71.15,49,57,1.76,MN,1595261535
luganville,-15.53,167.17,73.4,69,75,1.5,VU,1595261561
tupik,54.43,119.93,49.59,87,11,1.12,RU,1595261782
dukat,62.55,155.55,46.62,80,0,1.15,RU,1595261546
yurty,56.05,97.63,53.91,79,86,2.17,RU,1595261783
tres arroyos,-38.37,-60.28,49.95,86,100,7.7,AR,1595261783
carballo,43.21,-8.69,71.6,68,20,6.7,ES,1595261783
labuhan,-6.88,112.21,78.31,85,60,3.38,ID,1595261783
flinders,-34.58,150.86,48.99,65,0,0.45,AU,1595261559
oyama,36.3,139.8,77.0,94,75,1,JP,1595261783
san carlos,9.66,-68.58,82.76,75,81,2.11,VE,1595261783
mana,5.66,-53.78,83.19,78,15,3.12,GF,1595261783
hue,16.47,107.6,84.2,79,20,0.5,VN,1595261547
keetmanshoop,-26.58,18.13,78.8,9,0,4.1,NA,1595261784
ternovka,51.68,41.64,71.17,61,8,2.07,RU,1595261784
kargil,34.57,76.1,58.87,38,26,2.85,IN,1595261784
chillan,-36.61,-72.1,55.0,100,75,5.7,CL,1595261784
uyuni,-20.46,-66.83,55.58,30,62,1.76,BO,1595261784
andros town,24.7,-77.77,86.0,70,75,8.2,BS,1595261784
anadyr,64.75,177.48,41.0,86,0,2,RU,1595261532
henties bay,-22.12,14.28,74.07,27,0,4.77,NA,1595261784
kimbe,-5.55,150.14,74.98,87,2,2.14,PG,1595261785
razvilka,55.59,37.74,73.4,56,40,4,RU,1595261785
rey bouba,8.67,14.18,77.63,78,100,0.77,CM,1595261785
neuquen,-38.95,-68.06,46.4,87,75,2.6,AR,1595261359
awjilah,29.11,21.29,96.1,18,0,5.95,LY,1595261785
moba,33.23,105.02,55.26,100,91,2.24,CN,1595261785
lusambo,-4.97,23.45,86.81,24,5,0.52,CD,1595261785
diapaga,12.07,1.79,90.45,49,25,3.2,BF,1595261786
necochea,-38.55,-58.74,52.0,99,100,7.6,AR,1595261786
kemin,42.78,75.69,67.53,42,96,2.13,KG,1595261786
joshimath,30.57,79.57,66.61,59,97,0.28,IN,1595261786
lewiston,44.1,-70.21,90.0,62,1,3.1,US,1595261664
chifeng,42.27,118.96,72.09,46,53,2.03,CN,1595261786
yar-sale,66.83,70.83,62.37,55,100,1.57,RU,1595261565
yinchuan,38.47,106.27,79.77,30,76,5.49,CN,1595261787
kirakira,-10.45,161.92,75.67,84,18,3.53,SB,1595261520
axim,4.87,-2.24,79.14,78,98,4.7,GH,1595261516
hwange,-18.37,26.5,67.44,26,0,1.82,ZW,1595261787
harper,4.38,-7.72,79.27,79,77,5.59,LR,1595261787
maralal,1.1,36.7,63.16,75,92,1.74,KE,1595261787
salinas,36.68,-121.66,60.8,77,90,2.1,US,1595261305
lar,26.2,83.97,84.52,80,100,3.78,IN,1595261787
rawson,-43.3,-65.1,46.76,77,100,7.38,AR,1595261787
akyab,20.15,92.9,81.84,80,100,1.49,MM,1595261787
teahupoo,-17.83,-149.27,71.6,88,20,2.1,PF,1595261788
wencheng,33.06,113.8,74.08,72,100,2.37,CN,1595261788
frontera,26.93,-101.45,77.9,61,97,1.14,MX,1595261788
cardston,49.2,-113.3,60.8,72,75,3.1,CA,1595261633
curup,-3.47,102.53,69.94,93,99,2.1,ID,1595261788
deputatskiy,69.3,139.9,53.02,90,75,0.6,RU,1595261788
egvekinot,66.32,-179.17,40.89,83,31,3.3,RU,1595261509
hirara,24.8,125.28,84.99,76,0,4.05,JP,1595261788
lukovetskiy,64.3,41.92,77.0,33,0,3,RU,1595261788
lagoa,39.05,-27.98,69.04,70,16,1.14,PT,1595261512
zhengjiatun,43.51,123.51,71.19,45,4,5.78,CN,1595261789
dharapuram,10.73,77.52,75.2,94,75,4.6,IN,1595261789
tazovskiy,67.47,78.7,53.73,62,100,1.89,RU,1595261789
laguna,38.42,-121.42,64.99,68,5,4.1,US,1595261282
hukuntsi,-24,21.75,61.36,27,0,3.76,BW,1595261548
ferrol,43.48,-8.24,71.6,68,20,6.7,ES,1595261790
bowen,-20.02,148.23,63.0,87,50,1.5,AU,1595261790
sambava,-14.27,50.17,71.89,73,1,7.88,MG,1595261790
huangpu,25.44,113.17,77.04,83,98,1.03,CN,1595261790
siyabuswa,-25.11,29.04,56.16,36,0,1.72,ZA,1595261725
gambela,8.25,34.58,74.03,87,83,0.29,ET,1595261790
santa isabel,-23.32,-46.22,73.4,40,0,5.1,BR,1595261790
jiaozuo,35.24,113.23,79.65,51,100,1.87,CN,1595261790
borba,-4.39,-59.59,94.23,36,56,2.01,BR,1595261517
sterling,39.01,-77.43,91.99,49,75,5.1,US,1595261790
maragogi,-9.01,-35.22,78.35,74,19,7.29,BR,1595261790
lidzbark warminski,54.13,20.58,63.54,91,94,7.3,PL,1595261703
hofn,64.25,-15.21,57.2,62,75,5.1,IS,1595261548
maceio,-9.67,-35.74,80.6,61,75,8.2,BR,1595261436
jacareacanga,-6.22,-57.75,94.42,29,80,1.85,BR,1595261791
paragould,36.06,-90.5,89.6,79,1,3.6,US,1595261791
maun,-19.98,23.42,73.4,25,0,4.1,BW,1595261791
faya,18.39,42.45,68.0,68,100,2.6,SA,1595261791
husavik,66.04,-17.34,51.8,71,75,4.6,IS,1595261470
mildura,-34.2,142.15,51.8,76,90,2.6,AU,1595261791
jumla,29.27,82.18,60.4,70,75,1.38,NP,1595261791
thaba nchu,-29.21,26.84,57.2,15,0,1,ZA,1595261791
mitsamiouli,-11.38,43.28,77.0,69,40,6.2,KM,1595261792
tengushevo,54.77,42.72,66.6,86,28,2.76,RU,1595261792
qiongshan,20.01,110.35,82.4,83,88,3,CN,1595261792
narrabri,-30.32,149.78,42.8,70,55,3.6,AU,1595261792
andradina,-20.9,-51.38,84.24,33,0,5.38,BR,1595261792
cabo san lucas,22.89,-109.91,89.6,33,5,5.1,MX,1595261249
mayo,38.89,-76.51,91.99,52,20,4.1,US,1595261792
garissa,-0.45,39.64,81.39,43,61,8.3,KE,1595261793
mazagao,-0.12,-51.29,84.2,83,75,1,BR,1595261793
amga,60.9,131.96,72.86,61,100,5.49,RU,1595261793
werda,-25.27,23.28,62.11,27,0,2.12,BW,1595261793
ancud,-41.87,-73.82,48.2,100,100,1.5,CL,1595261388
abnub,27.27,31.15,98.6,27,0,5.7,EG,1595261793
erenhot,43.65,111.98,75.06,22,100,6.32,CN,1595261793
ludvika,60.15,15.19,64.4,82,100,2.6,SE,1595261793
kikwit,-5.04,18.82,91.29,18,0,0.29,CD,1595261794
santo tomas,14.11,121.14,84.2,74,46,1,PH,1595261794
port keats,-14.25,129.55,66.02,84,25,1.57,AU,1595261794
atambua,-9.11,124.89,67.48,87,2,2.27,ID,1595261794
san jeronimo,-11.95,-75.28,59.54,32,27,1.06,PE,1595261794
berdigestyakh,62.1,126.7,63.61,95,100,2.24,RU,1595261794
vanavara,60.34,102.28,49.08,78,51,0.17,RU,1595261794
cooma,-36.23,149.13,33.8,86,90,4.6,AU,1595261794
baherden,38.44,57.43,100.02,9,0,3.92,TM,1595261794
wajir,1.75,40.06,87.8,35,75,3.6,KE,1595261795
alice springs,-23.7,133.88,55.4,54,90,3.6,AU,1595261553
caldas novas,-17.74,-48.62,80.6,34,0,4.78,BR,1595261795
aban,56.67,96.06,52.9,82,62,2.7,RU,1595261795
burnie,-41.07,145.92,44.01,91,86,1.79,AU,1595261795
forestville,38.85,-76.88,95.0,43,40,3.6,US,1595261795
zelenoborsk,61.47,64.03,61.81,59,0,2.61,RU,1595261795
lima,-12.04,-77.03,62.6,72,90,1.5,PE,1595261259
bathurst,-33.42,149.58,37.0,99,11,0.45,AU,1595261796
olavarria,-36.89,-60.32,54.0,98,97,0.45,AR,1595261796
sapele,5.89,5.68,79.93,79,53,3.54,NG,1595261796
kalengwa,-13.47,25,65.57,43,27,2.52,ZM,1595261796
narsaq,60.92,-46.05,69.8,30,20,2.1,GL,1595261513
ossora,59.24,163.07,50.85,91,100,4.11,RU,1595261796
zhangye,38.93,100.45,77.25,19,95,0.5,CN,1595261536
loncoche,-39.37,-72.63,46.0,100,90,2.2,CL,1595261796
verkhoyansk,67.54,133.38,64.53,83,0,1.64,RU,1595261796
sept-iles,50.2,-66.38,73.4,88,75,6.2,CA,1595261796
nizhnevartovsk,60.93,76.55,60.8,72,67,3,RU,1595261797
clearlake,38.96,-122.63,75.0,57,0,0.41,US,1595261753
broken hill,-31.95,141.43,48.2,66,5,4.1,AU,1595261797
pouebo,-20.4,164.57,63.23,63,15,2.12,NC,1595261797
tanete,-3.94,119.78,73.45,81,96,2.88,ID,1595261503
great yarmouth,52.61,1.73,64.0,71,22,3.58,GB,1595261797
piacabucu,-10.41,-36.43,78.76,71,40,6.15,BR,1595261797
nanning,22.82,108.32,82.4,78,100,1,CN,1595261797
